ID,name,age,job,country,product,comment
E7Lo,test,1,2,3,4,5
8XBez,test,1,2,3,4,5
4H2Kx,test,1,2,3,4,5
xOgnl,123,312,31,312,312,313
zNfTs,test,1,2,3,4,5
Eg2P,test,1,2,3,4,5
e34Vo,test,1,2,3,4,5
PIvWc,test,1,2,3,4,5
gAhOk,test,1,2,3,4,5
cC2f0,test,1,2,3,4,5
5TWBO,test,1,2,3,4,5
1tlv,test,1,2,3,4,5
ABNvv,test,1,2,3,4,5
Wjlex,test,1,2,3,4,5
3Kdil,test,1,2,3,4,5
6poy,test,1,2,3,4,5
YkCsX,test,1,2,3,4,5
Zv7TO,test,1,2,3,4,5
TQ0es,test,1,2,3,4,5
c5G0t,test,1,2,3,4,5
U2piG,test,1,2,3,4,5
rC5wO,test,1,2,3,4,5
aRVAY,test,1,2,3,4,5
y2ZjX,test,1,2,3,4,5
PVXkK,test,1,2,3,4,5
KB5Y,test,1,2,3,4,5
1Sieu,test,1,2,3,4,5
3Hyh7,test,1,2,3,4,5
qpgbu,test,1,2,3,4,5
SH7Nk,test,1,2,3,4,5
Jz8S4,test,1,2,3,4,5
T9eAE,test,1,2,3,4,5
VCFeT,test,1,2,3,4,5
TaJ6V,test,1,2,3,4,5
J450S,test,1,2,3,4,5
lPBBq,test,1,2,3,4,5
YM9KL,test,1,2,3,4,5
r4j9o,test,1,2,3,4,5
ZzL0i,test,1,2,3,4,5
L7h1,test,1,2,3,4,5
oU9CF,test,1,2,3,4,5
5Wvy6,test,1,2,3,4,5
rAF6,test,1,2,3,4,5
oWy7v,test,1,2,3,4,5
ufulC,test,1,2,3,4,5
8w7xw,test,1,2,3,4,5
uHRxG,test,1,2,3,4,5
eouL_,test,1,2,3,4,5
qCmQa,test,1,2,3,4,5
GyE65,test,1,2,3,4,5
En4hD,test,1,2,3,4,5
5m5mR,test,1,2,3,4,5
XsxrC,test,1,2,3,4,5
7ij6m,test,1,2,3,4,5
B-ywM,test,1,2,3,4,5
yNwGG,test,1,2,3,4,5
bipHG,test,1,2,3,4,5
m9ERN,test,1,2,3,4,5
uAV4E,test,1,2,3,4,5
rPF2M,test,1,2,3,4,5
gXaZE,test,1,2,3,4,5
0btdc,test,1,2,3,4,5
tP4X8,test,1,2,3,4,5
O_CS4,test,1,2,3,4,5
FDG9j,test,1,2,3,4,5
xQ6TC,test,1,2,3,4,5
gJqwt,test,1,2,3,4,5
P8Y5M,test,1,2,3,4,5
DvTKK,test,1,2,3,4,5
dJwNl,test,1,2,3,4,5
QnHvQ,test,1,2,3,4,5
IeMHm,test,1,2,3,4,5
6i4BT,test,1,2,3,4,5
tL5wj,test,1,2,3,4,5
vpgAs,test,1,2,3,4,5
eRY1R,test,1,2,3,4,5
SPzsW,test,1,2,3,4,5
wbCAO,test,1,2,3,4,5
Do9hR,test,1,2,3,4,5
dGkoS,test,1,2,3,4,5
3BYrK,test,1,2,3,4,5
sgF1g,test,1,2,3,4,5
49sDm,test,1,2,3,4,5
LBSz2,test,1,2,3,4,5
